1651503556133,1651503556139,B,38820.40000000,0.00059000,I
1651503556133,1651503556139,B,38820.40000000,0.00059000,I
1651503556133,1651503556139,B,38820.40000000,0.00059000,I
1651503556133,1651503556139,B,38820.40000000,0.00059000,I
1651503556133,1651503556139,B,38820.42000000,0.04142000,I
1651503556158,1651503556163,B,38820.42000000,0.03641000,I
1651503556158,1651503556163,B,38820.88000000,0.00369000,I
1651503556158,1651503556163,B,38822.34000000,0.00463000,I
1651503556158,1651503556163,B,38822.36000000,0.00051000,I
1651503556158,1651503556163,B,38822.77000000,0.01411000,I
1651503556234,1651503556238,B,38822.77000000,0.00239000,I
1651503556000,1651503556337,B,38800.5,3833,Y
1651503556281,1651503556352,S,5096115,0.01,F
1651503556457,1651503556511,S,38824,0.1781,T
1651503556457,1651503556511,S,38824,0.089,T
1651503556457,1651503556511,S,38824,0.0329,T
1651503556660,1651503556665,S,38822.76000000,0.00612000,I
1651503556682,1651503556686,B,38822.77000000,0.00001000,I
1651503556682,1651503556687,B,38822.77000000,0.00593000,I
1651503556937,1651503556941,S,38822.76000000,0.00293000,I
1651503556967,1651503556972,S,38822.76000000,0.04300000,I
1651503556967,1651503556972,S,38822.76000000,0.04900000,I
1651503557181,1651503557185,S,38822.76000000,0.00500000,I
1651503557242,1651503557260,B,38825,0.0002,T
1651503557567,1651503557571,S,38822.76000000,0.00128000,I
1651503557688,1651503557692,B,38822.77000000,0.01565000,I
1651503557816,1651503557832,B,38825,0.0071,T
1651503557887,1651503557892,S,38822.76000000,0.00612000,I
1651503557928,1651503557931,B,38822.77000000,0.07842000,I
1651503557928,1651503557933,B,38822.77000000,0.00155000,I
1651503557928,1651503557933,B,38822.77000000,0.20617000,I
1651503557928,1651503557933,B,38822.81000000,0.00253000,I
1651503557963,1651503557969,B,38825.16000000,0.01052000,I
1651503557979,1651503557983,B,38825.16000000,0.01510000,I
1651503557976,1651503558007,B,38825,0.0419,T
1651503558158,1651503558202,B,5097190,0.01,F
1651503558218,1651503558222,S,38828.82000000,0.00065000,I
1651503558000,1651503558243,B,38802,1,Y
1651503558000,1651503558243,B,38803.5,9,Y
1651503558000,1651503558243,B,38805.5,9,Y
1651503558000,1651503558243,B,38805.5,1,Y
1651503558000,1651503558243,B,38807.5,9,Y
1651503558256,1651503558260,S,38828.82000000,0.00612000,I
1651503558257,1651503558262,S,38828.82000000,0.01885000,I
1651503558257,1651503558262,S,38828.82000000,0.00947000,I
1651503558270,1651503558275,B,38828.83000000,0.00210000,I
1651503558310,1651503558314,S,38828.82000000,0.02916000,I
1651503558310,1651503558315,S,38828.82000000,0.03314000,I
1651503558398,1651503558402,S,38828.82000000,0.00792000,I
1651503558426,1651503558431,S,38828.82000000,0.00596000,I
1651503558436,1651503558439,S,38828.82000000,0.01369000,I
1651503558455,1651503558459,S,38828.82000000,0.00196000,I
1651503558484,1651503558502,B,38830,0.004,T
1651503558572,1651503558615,S,5096386,0.01,F
1651503558612,1651503558630,S,38835,0.1365,T
1651503558735,1651503558739,S,38828.82000000,0.02970000,I
1651503558743,1651503558748,S,38828.82000000,0.15763000,I
1651503558743,1651503558748,S,38828.82000000,0.01313000,I
1651503558743,1651503558748,S,38828.82000000,0.02822000,I
1651503558805,1651503558809,S,38828.82000000,0.00578000,I
1651503558805,1651503558810,S,38828.82000000,0.00034000,I
1651503558961,1651503558981,B,38836,0.008,T
1651503558962,1651503558981,B,38836,0.0257,T
1651503559059,1651503559106,B,5098510,0.01,F
1651503559059,1651503559106,B,5098510,0.01,F
1651503559159,1651503559163,B,38828.83000000,0.01940000,I
1651503559197,1651503559202,S,38828.82000000,0.00455000,I
1651503559367,1651503559392,S,38835,0.5047,T
1651503559367,1651503559392,S,38835,0.0039,T
1651503559627,1651503559630,S,38828.82000000,0.00612000,I
1651503559648,1651503559653,S,38828.82000000,0.00030000,I
1651503559662,1651503559666,S,38828.82000000,0.00750000,I
1651503559979,1651503559984,S,38828.82000000,0.00612000,I
1651503560290,1651503560294,B,38828.83000000,0.00112000,I
1651503560290,1651503560294,B,38828.83000000,0.24610000,I
1651503560290,1651503560295,B,38828.83000000,0.01610000,I
1651503560290,1651503560295,B,38828.83000000,0.26144000,I
1651503560290,1651503560295,B,38828.83000000,0.02562000,I
1651503560290,1651503560295,B,38828.83000000,0.23778000,I
1651503560292,1651503560296,B,38828.83000000,0.10000000,I
1651503560293,1651503560297,B,38828.83000000,0.62956000,I
1651503560293,1651503560298,B,38828.83000000,0.00026000,I
1651503560293,1651503560298,B,38828.83000000,0.13433000,I
1651503560293,1651503560298,B,38828.83000000,0.34210000,I
1651503560294,1651503560299,B,38828.83000000,0.23792000,I
1651503560294,1651503560299,B,38828.83000000,0.00004000,I
1651503560305,1651503560308,B,38828.87000000,0.00248000,I
1651503560343,1651503560366,B,38832,0.5163,T
1651503560343,1651503560366,B,38832,0.134,T
1651503560429,1651503560434,B,38833.87000000,0.00772000,I
1651503560429,1651503560434,B,38833.88000000,0.00514000,I
1651503560000,1651503560438,S,38808,3,Y
,1651503560443,B,5054118.0,0.013,C
1651503560395,1651503560463,B,5098536,0.01,F
1651503560466,1651503560470,S,38836.57000000,0.00926000,I
1651503560000,1651503560538,S,38808,3,Y
1651503560000,1651503560637,B,38810.5,9,Y
1651503560000,1651503560637,B,38811.5,2016,Y
1651503560000,1651503560637,B,38813,1,Y
1651503560000,1651503560637,B,38813,1,Y
1651503560000,1651503560637,B,38813,9,Y
1651503560672,1651503560677,B,38836.58000000,0.02376000,I
1651503560693,1651503560746,B,5056000,0.001,f
1651503560720,1651503560763,B,5098615,0.01,F
1651503560766,1651503560769,B,38837.86000000,0.01286000,I
1651503560808,1651503560846,B,5098619,0.03,F
1651503560852,1651503560857,B,38838.45000000,0.00260000,I
1651503560871,1651503560875,B,38839.89000000,0.00420000,I
1651503560910,1651503560915,B,38840.73000000,0.00120000,I
1651503560923,1651503560927,B,38841.43000000,0.00400000,I
1651503560935,1651503560939,B,38841.72000000,0.00060000,I
1651503560896,1651503560944,B,5098684,0.02,F
1651503560912,1651503560978,B,5098684,0.0243804,F
1651503560912,1651503560978,B,5098684,0.04673616,F
1651503560912,1651503560978,B,5098686,0.04471501,F
1651503560912,1651503560978,B,5098687,0.03366342,F
1651503560912,1651503560978,B,5098688,0.03614389,F
1651503560912,1651503560978,B,5098688,0.03597502,F
1651503560950,1651503560991,B,38841,0.1999,T
1651503560950,1651503560991,B,38841,0.0879,T
1651503560950,1651503560991,B,38841,1.8187,T
1651503560000,1651503561004,B,5060283,0.0002,L
1651503560950,1651503561009,B,5098719,0.02,F
1651503560000,1651503561018,B,5060653,0.08008598,L
1651503560000,1651503561027,B,5060653,0.07991402,L
1651503561024,1651503561029,S,38841.90000000,0.00505000,I
1651503560000,1651503561039,S,38814.5,3,Y
1651503560000,1651503561039,B,38815,2500,Y
1651503560000,1651503561039,S,38814.5,3,Y
1651503560992,1651503561050,B,5098719,0.01,F
1651503560992,1651503561050,B,5098922,2,F
,1651503561056,B,5056009.0,0.016,C
1651503561000,1651503561171,S,5059365,0.0038,L
1651503561172,1651503561177,B,38841.91000000,0.00027000,I
1651503561172,1651503561177,B,38842.09000000,0.00030000,I
1651503561144,1651503561177,B,5099287,0.01,F
1651503561182,1651503561187,B,38843.93000000,0.00050000,I
1651503561182,1651503561187,B,38844.75000000,0.00039000,I
1651503561182,1651503561187,B,38844.75000000,0.00060000,I
1651503561182,1651503561188,B,38845.18000000,0.00369000,I
1651503561182,1651503561188,B,38845.48000000,0.00625000,I
1651503561185,1651503561189,B,38845.48000000,0.01200000,I
1651503561201,1651503561256,B,5099287,0.01,F
1651503561233,1651503561297,B,5099287,0.03,F
1651503561316,1651503561320,S,38843.92000000,0.02046000,I
1651503561264,1651503561341,B,5099482,0.01,F
1651503561344,1651503561348,S,38841.91000000,0.00051000,I
1651503561344,1651503561348,S,38841.90000000,0.00034000,I
1651503561352,1651503561356,B,38841.92000000,0.01174000,I
1651503561364,1651503561368,S,38841.42000000,0.00096000,I
1651503561406,1651503561459,B,5099482,0.09,F
1651503561453,1651503561503,S,5098684,0.04893,F
1651503561822,1651503561870,S,5098684,0.00000868,F
1651503561822,1651503561870,S,5098626,0.04999132,F
1651503562000,1651503562020,S,5059670,0.002,L
1651503562000,1651503562032,S,5059398,0.0016,L
1651503562030,1651503562077,B,5098870,0.01,F
1651503562054,1651503562116,S,5098626,0.00000868,F
1651503562054,1651503562116,S,5098622,0.01,F
1651503562054,1651503562116,S,5098622,0.00999132,F
1651503562118,1651503562121,S,38838.51000000,0.00039000,I
1651503562118,1651503562122,S,38838.51000000,0.02562000,I
1651503562118,1651503562123,S,38838.51000000,0.10000000,I
1651503562118,1651503562123,S,38838.10000000,0.00261000,I
1651503562118,1651503562123,S,38837.85000000,0.10000000,I
1651503562123,1651503562127,S,38836.56000000,0.00039000,I
1651503562123,1651503562127,S,38834.67000000,0.00948000,I
1651503562206,1651503562210,S,38834.66000000,0.00225000,I
1651503562208,1651503562212,B,38834.67000000,0.01940000,I
1651503562209,1651503562234,S,38840,0.0194,T
1651503562209,1651503562234,S,38840,0.001,T
1651503562349,1651503562353,B,38834.67000000,0.00656000,I
1651503562376,1651503562407,S,5098622,0.00000868,F
1651503562376,1651503562407,S,5098000,0.02,F
1651503562416,1651503562420,S,38834.47000000,0.00340000,I
1651503562376,1651503562430,S,5097959,0.01,F
1651503562428,1651503562433,S,38834.47000000,0.01660000,I
1651503562514,1651503562532,B,38835,0.1369,T
1651503562528,1651503562602,S,5097959,0.02,F
1651503562528,1651503562602,S,5097837,0.01000868,F
1651503562780,1651503562785,S,38833.86000000,0.00654000,I
1651503562794,1651503562811,B,38835,0.0047,T
1651503562000,1651503562938,B,38815,1408,Y
1651503562000,1651503562938,B,38815,33,Y
1651503562000,1651503562938,B,38815,1,Y
1651503562000,1651503562938,B,38815,50,Y
1651503562000,1651503562938,B,38815,1549,Y
1651503562940,1651503562976,S,5097837,0.03999,F
1651503562958,1651503563001,B,5098427,0.01,F
1651503562958,1651503563001,B,5098727,0.015,F
1651503562958,1651503563001,B,5098787,0.0365,F
1651503563218,1651503563222,B,38833.87000000,0.00656000,I
1651503563333,1651503563374,S,5098622,0.05,F
,1651503563578,S,5055549.0,0.013849,C
1651503563574,1651503563579,B,38833.87000000,0.00025000,I
1651503563801,1651503563808,S,38833.86000000,0.09346000,I
1651503563828,1651503563832,S,38831.15000000,0.00028000,I
1651503563828,1651503563832,S,38831.14000000,0.00027000,I
1651503563828,1651503563832,S,38829.82000000,0.00599000,I
1651503563912,1651503563916,S,38829.82000000,0.00312000,I
1651503563922,1651503563959,S,5097837,0.00000132,F
1651503563922,1651503563959,S,5097306,0.00999868,F
1651503564074,1651503564092,B,38835,0.0391,T
1651503564069,1651503564097,B,5098561,0.01,F
1651503564069,1651503564097,B,5098785,0.01,F
1651503564069,1651503564097,B,5098785,0.01,F
1651503564069,1651503564097,B,5099335,0.01,F
1651503564069,1651503564097,B,5099530,0.0252695,F
1651503564069,1651503564097,B,5099852,0.01,F
1651503564070,1651503564097,B,5099978,0.05,F
1651503564070,1651503564097,B,5100029,0.0019305,F
1651503564271,1651503564274,B,38829.83000000,0.00656000,I
1651503564000,1651503564299,B,5060156,0.0026,L
1651503564380,1651503564384,S,38829.82000000,0.00147000,I
1651503564443,1651503564480,S,5097989,0.01,F
1651503564443,1651503564480,S,5097989,0.01,F
1651503564551,1651503564556,S,38829.82000000,0.00654000,I
1651503564619,1651503564625,S,38829.82000000,0.00288000,I
1651503564619,1651503564625,S,38829.82000000,0.00890000,I
1651503564638,1651503564663,S,5097838,0.05,F
1651503564831,1651503564835,B,38829.83000000,0.00656000,I
1651503564941,1651503564945,B,38829.83000000,0.01253000,I
1651503564927,1651503564952,B,38832,0.04,T
1651503565108,1651503565112,B,38829.83000000,0.01299000,I
1651503565108,1651503565112,B,38829.83000000,0.00116000,I
1651503565262,1651503565266,S,38829.82000000,0.00654000,I
1651503565625,1651503565670,B,5098224,0.01,F
1651503565625,1651503565670,B,5098227,0.01,F
1651503565641,1651503565670,B,5098293,0.03,F
1651503565641,1651503565670,B,5098797,0.025,F
1651503565641,1651503565670,B,5098925,0.02,F
1651503565641,1651503565670,B,5099411,0.005,F
1651503565686,1651503565690,B,38829.83000000,0.00656000,I
1651503565850,1651503565899,B,5098221,0.01,F
1651503565850,1651503565899,B,5099411,0.005,F
1651503565850,1651503565899,B,5099594,0.011,F
1651503565850,1651503565899,B,5099853,0.011,F
1651503565850,1651503565899,B,5099916,0.01,F
1651503565850,1651503565899,B,5099999,0.01,F
1651503565850,1651503565899,B,5100014,0.043,F
1651503565984,1651503566031,B,5100014,0.0013804,F
1651503565984,1651503566031,B,5100014,0.04673616,F
1651503565984,1651503566031,B,5100016,0.04471501,F
1651503565984,1651503566031,B,5100028,0.00716843,F
1651503566138,1651503566143,S,38829.82000000,0.00654000,I
1651503566000,1651503566273,S,5060500,0.002,L
1651503566422,1651503566426,B,38829.83000000,0.00656000,I
1651503566000,1651503566539,S,38814.5,1000,Y
1651503566651,1651503566704,S,5098055,0.01,F
1651503566716,1651503566721,S,38829.82000000,0.00654000,I
1651503566797,1651503566850,B,5098155,0.01,F
1651503566828,1651503566905,S,5098055,0.01,F
1651503566984,1651503566989,B,38829.83000000,0.00656000,I
1651503567131,1651503567175,B,5098708,0.01,F
1651503567131,1651503567175,B,5098723,0.01,F
1651503567131,1651503567175,B,5098779,0.02,F
1651503567131,1651503567175,B,5099237,0.01,F
1651503567240,1651503567262,S,38831,0.5225,T
1651503567240,1651503567262,S,38831,0.3131,T
1651503567240,1651503567262,S,38831,0.0928,T
1651503567240,1651503567262,S,38831,0.0716,T
1651503567262,1651503567266,S,38829.82000000,0.00524000,I
1651503567262,1651503567266,S,38829.82000000,0.00130000,I
1651503567282,1651503567336,B,5099237,0.12947295,F
1651503567282,1651503567336,B,5099704,0.02,F
1651503567282,1651503567336,B,5099847,0.03822826,F
1651503567282,1651503567336,B,5099847,0.03822826,F
1651503567282,1651503567336,B,5099910,0.03822826,F
1651503567282,1651503567336,B,5100028,0.03283157,F
1651503567282,1651503567336,B,5100035,0.05,F
1651503567282,1651503567336,B,5100074,0.04,F
1651503567282,1651503567336,B,5100095,0.04,F
1651503567282,1651503567336,B,5100097,0.0730377,F
1651503567424,1651503567444,B,38832,0.0071,T
1651503567524,1651503567544,B,38832,0.1146,T
1651503567543,1651503567547,B,38829.83000000,0.00656000,I
1651503567614,1651503567618,S,38829.82000000,0.02902000,I
1651503567776,1651503567781,S,38829.82000000,0.00051000,I
1651503567831,1651503567834,S,38829.82000000,0.00654000,I
1651503568101,1651503568106,B,38829.83000000,0.00656000,I
1651503568182,1651503568186,B,38829.83000000,0.00310000,I
1651503568379,1651503568383,S,38829.82000000,0.00654000,I
1651503568534,1651503568538,B,38829.83000000,0.00322000,I
1651503568637,1651503568641,B,38829.83000000,0.01940000,I
1651503568651,1651503568655,B,38829.83000000,0.00656000,I
1651503568775,1651503568779,S,38829.82000000,0.00809000,I
1651503568936,1651503568940,S,38829.82000000,0.00654000,I
1651503569178,1651503569182,S,38829.82000000,0.01183000,I
1651503569207,1651503569210,B,38829.83000000,0.00656000,I
1651503569119,1651503569211,S,5098358,0.01,F
1651503569119,1651503569211,S,5098355,0.01,F
1651503569119,1651503569211,S,5098352,0.01,F
1651503569119,1651503569211,S,5098091,0.01,F
1651503569119,1651503569211,S,5097686,0.01,F
1651503569119,1651503569211,S,5097275,0.05,F
1651503569119,1651503569211,S,5097013,0.01,F
1651503569119,1651503569211,S,5097013,0.03,F
1651503569119,1651503569211,S,5097012,0.04,F
1651503569119,1651503569211,S,5096949,0.04673616,F
1651503569135,1651503569211,S,5096947,0.04471501,F
1651503569135,1651503569211,S,5096946,0.03366342,F
1651503569135,1651503569211,S,5096945,0.03597502,F
1651503569135,1651503569211,S,5096934,0.03614389,F
1651503569135,1651503569211,S,5096923,0.18,F
1651503569135,1651503569211,S,5096921,0.18,F
1651503569135,1651503569211,S,5096920,0.18,F
1651503569135,1651503569211,S,5096919,0.01,F
1651503569135,1651503569211,S,5096919,0.01,F
1651503569135,1651503569211,S,5096604,0.01,F
1651503569135,1651503569212,S,5096460,0.02,F
1651503569135,1651503569212,S,5096447,0.01716843,F
1651503569135,1651503569212,S,5096432,0.01,F
1651503569135,1651503569212,S,5096303,0.34522936,F
1651503569135,1651503569212,S,5096277,0.1,F
1651503569135,1651503569212,S,5096170,0.02406619,F
1651503569135,1651503569212,S,5096115,0.01,F
1651503569135,1651503569212,S,5096099,0.01,F
1651503569135,1651503569212,S,5095986,0.01,F
1651503569135,1651503569212,S,5095900,0.01,F
1651503569135,1651503569212,S,5095865,0.01,F
1651503569135,1651503569212,S,5095813,0.0443804,F
1651503569135,1651503569212,S,5095798,0.05,F
1651503569135,1651503569212,S,5095734,0.05,F
1651503569135,1651503569212,S,5095711,0.01,F
1651503569135,1651503569212,S,5095670,0.02,F
1651503569135,1651503569212,S,5095669,0.02,F
1651503569135,1651503569212,S,5095661,0.03588381,F
1651503569135,1651503569212,S,5095658,0.18,F
1651503569135,1651503569212,S,5095657,0.07603831,F
1651503569234,1651503569239,S,38829.82000000,0.02963000,I
1651503569234,1651503569240,S,38829.78000000,0.00173000,I
1651503569234,1651503569240,S,38828.82000000,0.00900000,I
1651503569234,1651503569240,S,38828.81000000,0.00154000,I
1651503569234,1651503569240,S,38828.34000000,0.00369000,I
1651503569318,1651503569323,B,38826.43000000,0.00328000,I
1651503569000,1651503569340,S,38814.5,15,Y
1651503569397,1651503569402,S,38826.42000000,0.00248000,I
1651503569489,1651503569493,S,38826.42000000,0.00654000,I
1651503569482,1651503569528,B,5097425,0.01,F
1651503569482,1651503569528,B,5097470,0.01,F
1651503569482,1651503569528,B,5097967,0.03,F
1651503569000,1651503569538,S,38814.5,10096,Y
1651503569639,1651503569718,S,38831,0.0577,T
1651503569639,1651503569718,S,38831,0.0801,T
1651503569639,1651503569718,S,38831,0.0076,T
1651503569639,1651503569718,S,38831,0.0015,T
1651503569644,1651503569718,S,38829,0.644,T
1651503569644,1651503569718,S,38828,0.2634,T
1651503569644,1651503569718,S,38828,0.2458,T
1651503569644,1651503569718,S,38828,0.002,T
1651503569728,1651503569755,S,38827,0.3083,T
1651503569728,1651503569755,S,38827,0.5005,T
1651503569767,1651503569771,B,38826.43000000,0.00656000,I
1651503569814,1651503569859,B,5097422,0.01,F
1651503569814,1651503569859,B,5097967,0.00588381,F
1651503569814,1651503569859,S,5097967,0.03411619,F
1651503569897,1651503569901,S,38826.42000000,0.00699000,I
1651503569000,1651503569939,S,38811.5,9,Y
1651503569000,1651503569939,S,38809.5,9,Y
1651503570036,1651503570041,S,38826.42000000,0.00654000,I
1651503570096,1651503570101,S,38826.42000000,0.07916000,I
1651503570106,1651503570110,S,38826.09000000,0.00900000,I
1651503570143,1651503570147,S,38822.76000000,0.00266000,I
1651503570143,1651503570147,S,38821.74000000,0.02000000,I
1651503570143,1651503570147,S,38820.39000000,0.01290000,I
1651503570143,1651503570147,S,38820.39000000,0.00666000,I
1651503570143,1651503570148,S,38820.39000000,0.00043000,I
1651503570143,1651503570148,S,38820.32000000,0.00037000,I
1651503570161,1651503570165,B,38819.41000000,0.00653000,I
1651503570179,1651503570227,S,38824,0.644,T
1651503570179,1651503570227,S,38824,0.5163,T
1651503570179,1651503570227,S,38824,0.6441,T
1651503570214,1651503570274,S,5096291,0.02,F
1651503570245,1651503570298,S,5096291,0.01283157,F
1651503570245,1651503570298,S,5096290,0.00716843,F
1651503570310,1651503570314,B,38817.48000000,0.00656000,I
1651503570000,1651503570336,S,38807,1459,Y
1651503570000,1651503570336,S,38807,660,Y
1651503570000,1651503570336,S,38807,8629,Y
1651503570000,1651503570336,S,38805,9,Y
1651503570000,1651503570336,S,38804,634,Y
1651503570000,1651503570336,S,38804,10,Y
1651503570342,1651503570345,S,38817.47000000,0.00039000,I
1651503570342,1651503570346,S,38817.47000000,0.00226000,I
1651503570253,1651503570361,S,5055935,0.01,f
1651503570000,1651503570438,S,38803,9,Y
1651503570413,1651503570460,S,5096423,0.01,F
1651503570404,1651503570466,S,5055509,0.02,f
1651503570404,1651503570466,S,5055506,0.07996712,f
1651503570453,1651503570545,S,5055506,0.12003288,f
1651503570000,1651503570565,S,5058733,0.002,L
1651503570507,1651503570570,S,5096290,0.00283157,F
1651503570507,1651503570570,S,5096178,0.01,F
1651503570507,1651503570570,S,5096074,0.01,F
1651503570507,1651503570570,S,5096071,0.015,F
1651503570507,1651503570570,S,5096034,0.02716843,F
1651503570000,1651503570573,S,5058651,0.0002,L
1651503570641,1651503570644,B,38817.48000000,0.02272000,I
1651503570644,1651503570648,S,38817.47000000,0.00654000,I
,1651503570771,B,5053742.0,0.00999991,C
1651503570845,1651503570897,S,5052934,0.00999901,f
1651503570937,1651503570941,B,38817.48000000,0.00656000,I
1651503571206,1651503571210,B,38817.48000000,0.00656000,I
1651503571211,1651503571215,S,38817.47000000,0.00020000,I
1651503571211,1651503571215,S,38817.47000000,0.00634000,I
1651503571233,1651503571238,B,38817.48000000,0.01906000,I
1651503571233,1651503571238,B,38817.48000000,0.15457000,I
1651503571233,1651503571238,B,38817.48000000,0.00052000,I
1651503571233,1651503571238,B,38817.48000000,0.10000000,I
1651503571233,1651503571238,B,38817.49000000,0.00515000,I
1651503571233,1651503571239,B,38817.59000000,0.10000000,I
1651503571368,1651503571373,B,38822.10000000,0.00480000,I
1651503571368,1651503571373,B,38822.10000000,0.00128000,I
1651503571421,1651503571449,B,38823,0.2,T
1651503571421,1651503571449,B,38823,0.0154,T
1651503571421,1651503571449,B,38823,0.001,T
1651503571482,1651503571486,S,38823.29000000,0.00665000,I
1651503571485,1651503571489,B,38823.30000000,0.00656000,I
1651503571506,1651503571511,B,38823.30000000,0.00997000,I
1651503571506,1651503571511,B,38823.30000000,0.00128000,I
1651503571553,1651503571558,S,38825.00000000,0.00154000,I
1651503571565,1651503571570,B,38825.01000000,0.00128000,I
1651503571558,1651503571603,B,5097008,0.1,F
1651503571000,1651503571637,B,38802.5,10297,Y
1651503571000,1651503571637,B,38802.5,8424,Y
1651503571580,1651503571651,B,5097310,0.01,F
1651503571596,1651503571651,B,5097351,0.01,F
1651503571596,1651503571651,B,5097409,0.01,F
1651503571682,1651503571687,B,38826.43000000,0.01652000,I
1651503571000,1651503571728,B,5059056,0.02,L
1651503571000,1651503571739,S,38802,2200,Y
1651503571000,1651503571742,B,5059084,0.002,L
1651503571750,1651503571755,S,38826.42000000,0.00654000,I
1651503571759,1651503571763,S,38826.42000000,0.00654000,I
1651503571788,1651503571792,B,38826.43000000,0.00348000,I
1651503571788,1651503571792,B,38826.43000000,0.00128000,I
1651503571000,1651503571838,B,38802.5,475,Y
1651503571000,1651503571838,B,38802.5,471,Y
1651503571000,1651503571838,B,38802.5,453,Y
1651503571000,1651503571838,B,38802.5,461,Y
1651503571000,1651503571838,B,38802.5,21,Y
1651503571000,1651503571838,B,38805.5,9,Y
1651503571000,1651503571838,B,38805.5,12,Y
1651503571920,1651503571925,S,38828.58000000,0.00051000,I
1651503572035,1651503572039,B,38828.59000000,0.00656000,I
1651503572084,1651503572088,B,38828.59000000,0.00277000,I
1651503572084,1651503572088,B,38828.59000000,0.00379000,I
1651503572316,1651503572320,S,38828.58000000,0.00654000,I
1651503572304,1651503572349,S,5097467,0.02,F
1651503572378,1651503572381,B,38828.59000000,0.00806000,I
1651503572599,1651503572604,B,38828.59000000,0.00656000,I
1651503572636,1651503572641,S,38828.58000000,0.00654000,I
1651503572610,1651503572652,S,5097437,0.01,F
1651503572726,1651503572730,S,38828.58000000,0.00345000,I
1651503572762,1651503572767,S,38828.58000000,0.00129000,I
1651503572870,1651503572875,S,38828.58000000,0.00654000,I
1651503572936,1651503572940,S,38828.58000000,0.00367000,I
1651503573152,1651503573156,B,38828.59000000,0.00656000,I
1651503573185,1651503573190,B,38828.59000000,0.00656000,I
1651503573326,1651503573330,S,38828.58000000,0.00413000,I
1651503573326,1651503573330,S,38828.58000000,0.05018000,I
1651503573435,1651503573440,S,38828.58000000,0.00654000,I
1651503573444,1651503573449,S,38828.58000000,0.00030000,I
1651503573458,1651503573463,S,38828.58000000,0.06702000,I
1651503573594,1651503573599,S,38828.58000000,0.01513000,I
1651503573646,1651503573651,S,38828.58000000,0.00438000,I
1651503573709,1651503573713,B,38828.59000000,0.00656000,I
1651503573741,1651503573745,S,38828.58000000,0.00654000,I
1651503573826,1651503573829,S,38828.58000000,0.00210000,I
1651503573865,1651503573869,S,38828.58000000,0.00238000,I
1651503573865,1651503573869,S,38828.58000000,0.00515000,I
1651503573865,1651503573869,S,38828.58000000,0.00264000,I
1651503573950,1651503573975,S,5096521,0.03,F
1651503573987,1651503573991,S,38828.58000000,0.00654000,I
1651503574102,1651503574106,S,38828.58000000,0.00088000,I
1651503574130,1651503574135,S,38828.58000000,0.00047000,I
1651503574272,1651503574277,B,38828.59000000,0.00656000,I
1651503574290,1651503574294,B,38828.59000000,0.00656000,I
1651503574468,1651503574473,S,38828.58000000,0.00669000,I
1651503574557,1651503574560,S,38828.58000000,0.00654000,I
1651503574623,1651503574628,S,38828.58000000,0.00654000,I
1651503574658,1651503574663,S,38828.58000000,0.00373000,I
1651503574830,1651503574833,B,38828.59000000,0.00656000,I
1651503574960,1651503574964,B,38828.59000000,0.00656000,I
1651503575113,1651503575117,S,38828.58000000,0.00654000,I
1651503575196,1651503575200,S,38828.58000000,0.05943000,I
1651503575196,1651503575200,S,38828.58000000,0.00982000,I
1651503575286,1651503575291,B,38828.59000000,0.08804000,I
1651503575295,1651503575299,S,38828.58000000,0.00654000,I
1651503575402,1651503575406,B,38828.59000000,0.00656000,I
1651503575405,1651503575409,S,38828.58000000,0.00248000,I
1651503575000,1651503575532,B,5059739,0.0004,L
1651503575533,1651503575537,S,38828.58000000,0.00265000,I
1651503575000,1651503575637,B,38805.5,500,Y
1651503575676,1651503575680,S,38828.58000000,0.00654000,I
1651503575839,1651503575844,B,38828.59000000,0.00656000,I
1651503575958,1651503575962,B,38828.59000000,0.00656000,I
1651503576100,1651503576105,S,38828.58000000,0.00390000,I
1651503576100,1651503576105,S,38828.58000000,0.26144000,I
1651503576100,1651503576106,S,38828.58000000,0.01610000,I
1651503576100,1651503576106,S,38828.58000000,0.10000000,I
1651503576100,1651503576106,S,38828.57000000,0.01456000,I
1651503576121,1651503576125,S,38826.65000000,0.00135000,I
1651503576121,1651503576127,S,38826.43000000,0.04064000,I
1651503576121,1651503576127,S,38826.42000000,0.10400000,I
1651503576121,1651503576127,S,38825.86000000,0.00027000,I
1651503576121,1651503576127,S,38824.15000000,0.18200000,I
1651503576128,1651503576144,S,38827,0.848,T
1651503576128,1651503576144,S,38827,0.1604,T
1651503576176,1651503576181,S,38823.69000000,0.00654000,I
1651503576190,1651503576194,S,38823.69000000,0.01346000,I
1651503576180,1651503576208,S,38827,0.1197,T
1651503576180,1651503576208,S,38827,0.644,T
1651503576180,1651503576208,S,38827,0.0226,T
1651503576180,1651503576208,S,38827,0.001,T
1651503576235,1651503576240,S,38821.55000000,0.00654000,I
1651503576204,1651503576246,S,5096585,0.01,F
1651503576221,1651503576253,S,38826,0.3131,T
1651503576328,1651503576333,S,38821.55000000,0.00246000,I
1651503576328,1651503576333,S,38819.18000000,0.00039000,I
1651503576328,1651503576333,S,38818.81000000,0.00084000,I
1651503576435,1651503576439,S,38818.81000000,0.01175000,I
1651503576412,1651503576474,S,5096049,0.01,F
1651503576412,1651503576474,S,5095522,0.023172,F
1651503576412,1651503576474,S,5095503,0.05,F
1651503576412,1651503576474,S,5095343,0.016828,F
1651503576523,1651503576528,B,38818.82000000,0.00656000,I
1651503576533,1651503576537,B,38818.82000000,0.00656000,I
1651503576850,1651503576855,S,38818.81000000,0.00654000,I
1651503576971,1651503576975,S,38818.81000000,0.00654000,I
1651503576987,1651503577006,B,38823,0.266,T
1651503576987,1651503577006,B,38823,0.2,T
1651503576987,1651503577006,B,38823,0.251,T
1651503576987,1651503577006,B,38823,0.5047,T
1651503576987,1651503577006,B,38823,0.2583,T
1651503577041,1651503577046,B,38818.82000000,0.00145000,I
1651503577178,1651503577183,B,38818.82000000,0.00656000,I
1651503577251,1651503577255,B,38818.82000000,0.00656000,I
1651503577000,1651503577339,S,38805,10297,Y
1651503577000,1651503577339,S,38805,8424,Y
1651503577000,1651503577339,S,38805,10,Y
1651503577000,1651503577339,S,38805,1269,Y
1651503577329,1651503577346,B,38823,0.0257,T
1651503577000,1651503577437,S,38805,1167,Y
1651503577000,1651503577437,S,38805,10,Y
1651503577512,1651503577517,S,38818.81000000,0.00246000,I
1651503577512,1651503577517,S,38818.81000000,0.00408000,I
1651503577529,1651503577533,S,38818.81000000,0.00654000,I
1651503577493,1651503577538,B,5096982,0.01,F
1651503577532,1651503577539,B,38818.82000000,0.01610000,I
1651503577532,1651503577539,B,38818.82000000,0.10400000,I
1651503577532,1651503577539,B,38818.82000000,0.10000000,I
1651503577532,1651503577539,B,38818.82000000,0.04000000,I
1651503577532,1651503577539,B,38818.83000000,0.00034000,I
1651503577550,1651503577556,S,38821.54000000,0.00699000,I
1651503577539,1651503577594,S,5054047,0.02,f
1651503577593,1651503577597,S,38823.47000000,0.01721000,I
1651503577601,1651503577604,S,38823.47000000,0.06320000,I
1651503577668,1651503577672,S,38823.47000000,0.00168000,I
1651503577672,1651503577676,S,38823.47000000,0.00260000,I
1651503577659,1651503577697,B,5096982,0.01,F
1651503577659,1651503577697,B,5096992,0.01,F
1651503577659,1651503577697,B,5096995,0.02,F
1651503577659,1651503577697,B,5097217,0.01,F
1651503577000,1651503577713,B,5058623,0.01,L
1651503577000,1651503577720,B,5058815,0.006,L
1651503577000,1651503577729,B,5058820,0.0036,L
1651503577742,1651503577747,B,38826.64000000,0.03157000,I
1651503577820,1651503577824,B,38825.43000000,0.00656000,I
1651503577839,1651503577843,B,38825.43000000,0.00656000,I
1651503577834,1651503577862,B,38823,0.001,T
1651503577834,1651503577862,B,38823,0.047,T
1651503577934,1651503577939,B,38825.43000000,0.01250000,I
1651503578000,1651503578005,B,38825.45000000,0.00027000,I
1651503578000,1651503578005,B,38826.63000000,0.00035000,I
1651503578016,1651503578019,B,38826.63000000,0.00016000,I
1651503577977,1651503578025,B,5097249,0.05,F
1651503578123,1651503578128,S,38826.64000000,0.00654000,I
1651503578166,1651503578170,S,38826.64000000,0.00654000,I
1651503578498,1651503578503,B,38828.57000000,0.00656000,I
1651503578553,1651503578558,B,38828.57000000,0.00656000,I
,1651503578694,B,5054358.0,0.01,C
1651503578000,1651503578738,S,38802,65,Y
1651503578743,1651503578747,S,38828.56000000,0.02562000,I
1651503578743,1651503578748,S,38828.56000000,0.10000000,I
1651503578743,1651503578748,S,38828.56000000,0.01610000,I
1651503578803,1651503578807,S,38826.64000000,0.00205000,I
1651503578829,1651503578832,S,38826.64000000,0.00654000,I
1651503578831,1651503578835,S,38826.64000000,0.00654000,I
1651503578900,1651503578904,S,38826.64000000,0.00900000,I
1651503578916,1651503578920,S,38826.63000000,0.00051000,I
1651503578929,1651503578968,S,5096805,0.02,F
1651503578966,1651503578997,S,38827,0.001,T
1651503578966,1651503578997,S,38827,0.002,T
1651503579011,1651503579015,B,38825.61000000,0.00435000,I
1651503579109,1651503579113,B,38825.61000000,0.00051000,I
1651503579116,1651503579120,B,38825.61000000,0.00656000,I
1651503579136,1651503579140,S,38825.60000000,0.00027000,I
1651503579136,1651503579140,S,38822.74000000,0.00009000,I
1651503579163,1651503579168,B,38822.75000000,0.00656000,I
1651503579000,1651503579240,S,38802,14,Y
1651503579239,1651503579280,S,5096805,0.00000132,F
1651503579239,1651503579280,S,5096749,0.02999868,F
1651503579392,1651503579397,S,38822.74000000,0.00425000,I
1651503579392,1651503579397,S,38820.02000000,0.00027000,I
1651503579392,1651503579397,S,38818.97000000,0.00202000,I
1651503579430,1651503579434,B,38818.98000000,0.02562000,I
1651503579430,1651503579434,B,38818.98000000,0.01374000,I
1651503579430,1651503579435,B,38818.98000000,0.05912000,I
1651503579492,1651503579497,B,38818.98000000,0.02084000,I
1651503579504,1651503579508,S,38818.97000000,0.00654000,I
1651503579525,1651503579566,S,5096749,0.00000132,F
1651503579525,1651503579566,S,5096606,0.01999868,F
1651503579597,1651503579602,B,38818.98000000,0.00031000,I
1651503579679,1651503579683,B,38818.98000000,0.00656000,I
1651503579839,1651503579843,B,38818.98000000,0.00629000,I
1651503579839,1651503579843,B,38818.98000000,0.00027000,I
1651503579000,1651503579940,S,38802,39,Y
1651503579954,1651503579958,S,38818.97000000,0.00654000,I
1651503579992,1651503580047,B,5096720,0.05,F
1651503579992,1651503580047,B,5096755,0.05,F
1651503579992,1651503580047,B,5097701,0.01,F
1651503579992,1651503580047,B,5097781,0.02,F
1651503579992,1651503580047,B,5097880,0.02,F
1651503579992,1651503580047,B,5097887,0.01,F
1651503579992,1651503580047,B,5097890,0.04673616,F
1651503579992,1651503580047,B,5097892,0.025,F
1651503579992,1651503580047,B,5098121,0.04007953,F
1651503579992,1651503580047,B,5098138,0.01,F
1651503579992,1651503580047,B,5098167,0.18,F
1651503579992,1651503580047,B,5098256,0.19818431,F
1651503580082,1651503580114,S,38822,0.1081,T
1651503580082,1651503580114,S,38822,0.002,T
1651503580082,1651503580114,S,38822,0.0698,T
1651503580082,1651503580114,S,38822,0.6496,T
1651503580082,1651503580114,S,38822,0.1,T
1651503580082,1651503580114,S,38822,0.002,T
1651503580170,1651503580175,S,38818.97000000,0.00654000,I
1651503580233,1651503580238,B,38818.98000000,0.00656000,I
1651503580505,1651503580509,B,38818.98000000,0.00656000,I
1651503580508,1651503580511,S,38818.97000000,0.00654000,I
1651503580478,1651503580516,S,5096210,0.01,F
1651503580566,1651503580570,S,38818.97000000,0.01254000,I
1651503580566,1651503580571,S,38818.97000000,0.25829000,I
1651503580566,1651503580571,S,38818.97000000,0.00900000,I
1651503580566,1651503580571,S,38818.97000000,0.01610000,I
1651503580566,1651503580571,S,38818.93000000,1.80000000,I
1651503580566,1651503580571,S,38818.80000000,0.09879000,I
1651503580576,1651503580579,S,38818.79000000,0.01565000,I
1651503580577,1651503580580,S,38818.79000000,0.00435000,I
1651503580585,1651503580592,S,38815.80000000,0.00371000,I
1651503580000,1651503580638,S,38802,15000,Y
1651503580638,1651503580642,B,38814.31000000,0.00869000,I
1651503580619,1651503580652,S,38820,0.001,T
1651503580619,1651503580652,S,38820,0.002,T
1651503580621,1651503580652,S,38819,0.6441,T
1651503580621,1651503580652,S,38818,0.2778,T
1651503580000,1651503580673,S,5058148,0.002,L
1651503580000,1651503580681,S,5057823,0.1578,L
1651503580000,1651503580708,S,5057752,0.16,L
1651503580000,1651503580715,S,5057823,0.0022,L
1651503580000,1651503580740,S,38802,31,Y
1651503580000,1651503580740,S,38802,18721,Y
1651503580000,1651503580740,S,38802,9,Y
1651503580000,1651503580740,S,38802,19584,Y
1651503580708,1651503580756,S,5095578,0.01,F
1651503580708,1651503580756,S,5095578,0.03283157,F
1651503580754,1651503580758,B,38811.44000000,0.01387000,I
1651503580786,1651503580791,B,38811.44000000,0.00656000,I
1651503580724,1651503580792,S,5095455,0.01,F
1651503580724,1651503580792,S,5095455,0.01,F
,1651503580834,S,5053261.0,0.000006,C
1651503580833,1651503580837,S,38811.43000000,0.00655000,I
1651503580000,1651503580840,S,38801,9,Y
1651503580000,1651503580840,S,38801,50,Y
1651503580000,1651503580840,S,38800,25,Y
1651503580000,1651503580840,S,38799.5,2,Y
1651503580000,1651503580840,S,38799,9,Y
1651503580000,1651503580840,S,38797,9,Y
1651503580000,1651503580840,S,38797,538,Y
,1651503580841,S,5053282.0,0.013849,C
,1651503580961,S,5052956.0,0.002849,C
,1651503580971,S,5053261.0,0.013849,C
,1651503580976,S,5052956.0,0.002151,C
1651503580923,1651503580988,S,5095455,0.01,F
1651503581127,1651503581132,S,38811.43000000,0.00655000,I
1651503581201,1651503581206,B,38811.44000000,0.00657000,I
1651503581273,1651503581305,S,5095452,0.03,F
1651503581374,1651503581379,S,38811.43000000,0.00496000,I
1651503581401,1651503581405,B,38811.44000000,0.00657000,I
1651503581533,1651503581539,S,38811.43000000,0.00019000,I
1651503581533,1651503581539,S,38810.41000000,0.00100000,I
1651503581533,1651503581539,S,38808.84000000,0.00536000,I
1651503581486,1651503581539,S,5095421,0.03615,F
1651503581549,1651503581552,B,38808.85000000,0.00544000,I
1651503581582,1651503581586,B,38808.85000000,0.01244000,I
1651503581000,1651503581638,S,38796.5,32,Y
1651503581686,1651503581690,S,38808.84000000,0.00515000,I
1651503581686,1651503581690,S,38808.84000000,0.00140000,I
1651503581866,1651503581869,B,38808.85000000,0.00657000,I
1651503581961,1651503581964,B,38808.85000000,0.00657000,I
1651503581000,1651503582039,S,38796.5,3,Y
1651503582149,1651503582206,S,5095421,0.00000683,F
1651503582149,1651503582206,S,5094900,0.04999317,F
1651503582242,1651503582246,S,38808.84000000,0.00655000,I
1651503582249,1651503582253,S,38808.84000000,0.00655000,I
1651503582264,1651503582268,S,38808.84000000,0.00044000,I
1651503582521,1651503582525,B,38808.85000000,0.00657000,I
1651503582580,1651503582584,B,38808.85000000,0.00185000,I
1651503582580,1651503582585,B,38808.85000000,0.00472000,I
1651503582605,1651503582610,B,38808.85000000,0.00412000,I
1651503582756,1651503582759,S,38808.84000000,0.00042000,I
1651503582797,1651503582801,S,38808.84000000,0.00655000,I
1651503582902,1651503582906,B,38808.85000000,0.00139000,I
1651503582914,1651503582919,S,38808.84000000,0.00655000,I
1651503582943,1651503582964,S,38814,0.008,T
1651503582943,1651503582964,S,38814,0.002,T
1651503582980,1651503582984,B,38808.85000000,0.00038000,I
1651503582974,1651503582996,S,38814,0.0278,T
1651503583042,1651503583063,S,38814,0.01,T
1651503583127,1651503583131,S,38808.84000000,0.02675000,I
1651503583207,1651503583251,S,5094902,0.01,F
1651503583248,1651503583252,B,38808.85000000,0.00657000,I
1651503583251,1651503583255,S,38808.84000000,0.00901000,I
1651503583298,1651503583337,S,38814,0.0001,T
1651503583000,1651503583439,S,38793,9,Y
1651503583551,1651503583573,S,38814,0.6061,T
1651503583551,1651503583573,S,38814,0.002,T
1651503583551,1651503583573,S,38814,0.002,T
1651503583551,1651503583573,S,38814,0.0843,T
1651503583698,1651503583703,S,38808.84000000,0.00248000,I
1651503583783,1651503583801,B,38810,0.008,T
1651503583815,1651503583819,S,38808.84000000,0.00655000,I
1651503583000,1651503583828,S,5056971,0.004,L
1651503583956,1651503583975,B,38810,0.0305,T
1651503584147,1651503584152,B,38808.85000000,0.00657000,I
1651503584480,1651503584483,S,38808.84000000,0.00655000,I
1651503584813,1651503584817,B,38808.85000000,0.00187000,I
1651503584813,1651503584817,B,38808.85000000,0.00470000,I
1651503584845,1651503584877,B,38810,0.0477,T
1651503584845,1651503584877,B,38810,0.001,T
1651503584911,1651503584955,B,5095300,0.02,F
1651503585144,1651503585149,S,38808.84000000,0.00655000,I
1651503585478,1651503585483,B,38808.85000000,0.00657000,I
1651503585691,1651503585737,S,5095217,0.01,F
1651503585809,1651503585813,S,38808.84000000,0.00655000,I
1651503586055,1651503586060,S,38808.84000000,0.00206000,I
1651503586140,1651503586144,B,38808.85000000,0.00483000,I
1651503586140,1651503586145,B,38808.85000000,0.00174000,I
1651503586197,1651503586219,B,38815,0.1428,T
1651503586475,1651503586480,S,38808.84000000,0.00655000,I
1651503586000,1651503586738,S,38791,1919,Y
1651503586796,1651503586800,B,38808.85000000,0.10000000,I
1651503586796,1651503586800,B,38808.85000000,0.02000000,I
1651503586796,1651503586801,B,38808.85000000,0.03913000,I
1651503586796,1651503586801,B,38808.85000000,0.00867000,I
1651503586796,1651503586801,B,38808.85000000,0.12973000,I
1651503586796,1651503586801,B,38808.89000000,0.00334000,I
1651503586815,1651503586818,B,38809.33000000,0.00371000,I
1651503586815,1651503586819,B,38810.15000000,0.00286000,I
1651503586827,1651503586831,B,38810.15000000,0.00229000,I
1651503586842,1651503586846,B,38811.57000000,0.00027000,I
1651503586913,1651503586918,B,38811.57000000,0.00515000,I
1651503586929,1651503586934,B,38814.30000000,0.00051000,I
1651503586943,1651503586947,B,38814.67000000,0.00391000,I
1651503587027,1651503587033,S,38815.59000000,0.00478000,I
1651503586986,1651503587043,B,5095519,0.01,F
1651503586996,1651503587043,B,5095555,0.04999317,F
1651503586985,1651503587051,B,38816,0.001,T
1651503586985,1651503587051,B,38816,0.0996,T
1651503587147,1651503587152,S,38815.59000000,0.00654000,I
1651503587277,1651503587282,B,38815.60000000,0.00075000,I
1651503587381,1651503587386,B,38815.60000000,0.28300000,I
1651503587429,1651503587434,B,38816.29000000,0.00039000,I
1651503587443,1651503587447,B,38817.78000000,0.03791000,I
1651503587000,1651503587453,B,5058208,0.02244646,L
1651503587452,1651503587457,B,38818.82000000,0.00038000,I
1651503587000,1651503587459,B,5058208,0.00444632,L
1651503587459,1651503587462,B,38818.82000000,0.00348000,I
1651503587480,1651503587484,B,38820.03000000,0.00656000,I
,1651503587577,B,5053379.0,0.013,C
1651503587633,1651503587637,B,38820.03000000,0.00048000,I
1651503587000,1651503587640,B,38791.5,10297,Y
1651503587000,1651503587640,B,38791.5,200,Y
1651503587000,1651503587640,B,38794.5,9,Y
1651503587000,1651503587640,B,38795,33,Y
1651503587000,1651503587640,B,38796.5,9,Y
1651503587000,1651503587640,B,38798.5,9,Y
1651503587645,1651503587649,S,38820.02000000,0.00390000,I
1651503587695,1651503587700,B,38820.03000000,0.00065000,I
1651503587000,1651503587737,S,38799,3,Y
1651503587750,1651503587754,S,38820.02000000,0.00169000,I
1651503587813,1651503587818,S,38820.02000000,0.00654000,I
1651503587799,1651503587853,S,5095490,0.06,F
1651503587832,1651503587866,B,38824,0.008,T
1651503587885,1651503587890,S,38823.46000000,0.02562000,I
1651503587885,1651503587890,S,38823.46000000,0.04065000,I
1651503587885,1651503587890,S,38823.46000000,0.03863000,I
1651503587885,1651503587890,S,38823.46000000,0.10008000,I
1651503587971,1651503587976,S,38823.46000000,0.00309000,I
1651503587973,1651503587978,S,38823.46000000,0.00510000,I
1651503587973,1651503587978,S,38823.46000000,0.03220000,I
1651503587970,1651503588015,B,5097406,0.01,F
1651503588012,1651503588017,S,38823.46000000,0.00085000,I
1651503588142,1651503588146,B,38823.47000000,0.00656000,I
1651503588175,1651503588194,S,38823,0.0025,T
1651503588485,1651503588489,S,38823.46000000,0.00095000,I
1651503588485,1651503588489,S,38823.46000000,0.00559000,I
1651503588000,1651503588537,B,38800,33,Y
1651503588000,1651503588537,B,38800.5,9,Y
1651503588000,1651503588537,B,38802.5,9,Y
1651503588000,1651503588537,B,38804.5,9,Y
1651503588000,1651503588537,B,38806,9,Y
1651503588000,1651503588537,B,38807,1,Y
1651503588716,1651503588719,B,38823.47000000,0.00438000,I
1651503588679,1651503588802,B,5097701,0.015,F
1651503588694,1651503588802,B,5097701,0.01866342,F
1651503588823,1651503588828,B,38823.47000000,0.00216000,I
1651503588823,1651503588828,B,38823.47000000,0.00440000,I
1651503588848,1651503588852,S,38823.46000000,0.00098000,I
1651503589117,1651503589154,S,5096506,0.01,F
1651503589117,1651503589154,S,5096372,0.01,F
1651503589117,1651503589154,S,5096369,0.04,F
1651503589153,1651503589156,S,38823.46000000,0.00654000,I
1651503589292,1651503589296,B,38823.47000000,0.00410000,I
1651503589389,1651503589393,B,38823.47000000,0.04884000,I
1651503589422,1651503589425,B,38823.47000000,0.00423000,I
1651503589450,1651503589470,S,38830,0.01,T
1651503589486,1651503589490,B,38823.47000000,0.00656000,I
1651503589554,1651503589558,B,38823.47000000,0.03187000,I
1651503589617,1651503589622,S,38828.22000000,0.00118000,I
1651503589776,1651503589825,B,5054047,0.02,f
1651503589824,1651503589829,S,38828.22000000,0.00654000,I
1651503590073,1651503590100,S,38830,0.2,T
1651503590074,1651503590100,S,38830,0.001,T
1651503590074,1651503590100,S,38830,0.0512,T
1651503590074,1651503590100,S,38830,0.002,T
1651503590074,1651503590100,S,38830,0.0211,T
1651503590000,1651503590157,S,5058423,0.004,L
1651503590153,1651503590158,S,38828.22000000,0.15458000,I
1651503590000,1651503590169,S,5058418,0.016,L
1651503590000,1651503590181,S,5058385,0.0193909,L
1651503590000,1651503590263,S,5058385,0.00216892,L
1651503590275,1651503590319,S,5096512,0.01,F
1651503590372,1651503590376,B,38824.97000000,0.00656000,I
1651503590000,1651503590433,B,5057756,0.02,L
1651503590443,1651503590447,B,38824.97000000,0.00062000,I
1651503590507,1651503590547,S,5096509,0.01,F
1651503590000,1651503590598,B,5057756,0.02,L
1651503590909,1651503590913,S,38824.96000000,0.00370000,I
1651503590909,1651503590913,S,38824.96000000,0.00284000,I
1651503590925,1651503590958,S,5096369,0.1,F
1651503591216,1651503591221,B,38824.97000000,0.00059000,I
1651503591237,1651503591242,B,38824.97000000,0.00656000,I
1651503591000,1651503591337,B,38807.5,109,Y
1651503591373,1651503591377,S,38824.96000000,0.00028000,I
1651503591570,1651503591574,S,38824.96000000,0.00654000,I
1651503591738,1651503591742,S,38824.96000000,0.00030000,I
1651503591786,1651503591790,B,38824.97000000,0.00553000,I
1651503591000,1651503591837,B,38807.5,54,Y
1651503591000,1651503591837,B,38807.5,179,Y
1651503591898,1651503591902,B,38824.97000000,0.00656000,I
1651503592005,1651503592009,B,38824.97000000,0.00573000,I
1651503592057,1651503592061,B,38824.97000000,0.00285000,I
1651503592057,1651503592061,B,38824.97000000,0.01574000,I
1651503592449,1651503592454,S,38824.96000000,0.00654000,I
1651503592525,1651503592530,B,38824.97000000,0.00656000,I
1651503592000,1651503592938,S,38807,1,Y
1651503592954,1651503592958,S,38824.96000000,0.00654000,I
1651503593221,1651503593225,B,38824.97000000,0.00460000,I
1651503593000,1651503593296,B,5059521,0.004,L
1651503593000,1651503593305,B,5059526,0.02,L
1651503593000,1651503593312,B,5059550,0.016,L
1651503593369,1651503593374,B,38824.97000000,0.00319000,I
1651503593394,1651503593398,B,38824.97000000,0.00656000,I
1651503593525,1651503593530,S,38824.96000000,0.00757000,I
1651503593830,1651503593834,S,38824.96000000,0.00654000,I
1651503594101,1651503594105,B,38824.97000000,0.00656000,I
1651503594411,1651503594416,B,38824.97000000,0.00146000,I
1651503594527,1651503594531,S,38824.96000000,0.00654000,I
1651503594808,1651503594814,B,38824.97000000,0.00325000,I
1651503594808,1651503594815,B,38824.97000000,0.00331000,I
1651503594930,1651503594933,S,38824.96000000,0.00545000,I
1651503595247,1651503595252,S,38824.96000000,0.00654000,I
1651503595264,1651503595268,B,38824.97000000,0.00040000,I
1651503595352,1651503595368,S,38825,0.0253,T
1651503595455,1651503595459,B,38824.97000000,0.00322000,I
1651503595452,1651503595471,B,38826,0.001,T
1651503595452,1651503595471,B,38826,0.0031,T
1651503595452,1651503595471,B,38826,0.3501,T
1651503595452,1651503595471,B,38826,0.8,T
1651503595452,1651503595471,B,38826,0.001,T
1651503595452,1651503595471,B,38826,0.003,T
1651503595489,1651503595493,B,38824.97000000,0.09638000,I
1651503595489,1651503595493,B,38824.97000000,0.05571000,I
1651503595489,1651503595493,B,38824.99000000,0.96415000,I
1651503595506,1651503595510,B,38824.99000000,0.20528000,I
1651503595516,1651503595521,B,38824.99000000,0.00656000,I
1651503595518,1651503595522,B,38824.99000000,0.62401000,I
1651503595518,1651503595522,B,38824.99000000,0.01610000,I
1651503595518,1651503595522,B,38825.01000000,0.00057000,I
1651503595525,1651503595530,B,38827.73000000,0.01007000,I
1651503595525,1651503595530,B,38827.88000000,0.00039000,I
1651503595525,1651503595530,B,38828.59000000,0.05159000,I
1651503595525,1651503595530,B,38828.59000000,0.00266000,I
1651503595525,1651503595530,B,38828.71000000,0.00370000,I
1651503595604,1651503595608,S,38829.81000000,0.01968000,I
1651503595608,1651503595645,B,38832,0.001,T
1651503595608,1651503595645,B,38835,0.1406,T
1651503595619,1651503595664,B,5097564,0.01775,F
1651503595636,1651503595711,B,5097564,0.02225,F
1651503595636,1651503595711,B,5097696,0.01,F
1651503595636,1651503595711,B,5097699,0.01,F
1651503595636,1651503595711,B,5097699,0.01,F
1651503595787,1651503595791,S,38829.82000000,0.00654000,I
1651503595900,1651503595903,B,38829.83000000,0.14291000,I
1651503595900,1651503595904,B,38833.87000000,0.00026000,I
1651503595900,1651503595904,B,38833.87000000,0.00260000,I
1651503595900,1651503595904,B,38833.87000000,0.00026000,I
1651503595900,1651503595904,B,38833.87000000,0.00026000,I
1651503595900,1651503595904,B,38833.87000000,0.00026000,I
1651503595900,1651503595904,B,38833.87000000,0.00026000,I
1651503595900,1651503595904,B,38833.87000000,0.00026000,I
1651503595900,1651503595904,B,38833.87000000,0.00020000,I
1651503595900,1651503595905,B,38835.68000000,0.00976000,I
1651503595900,1651503595905,B,38835.97000000,0.18329000,I
1651503595900,1651503595905,B,38836.54000000,0.15968000,I
1651503595952,1651503595956,B,38836.54000000,0.00688000,I
1651503595989,1651503595994,S,38836.53000000,0.02882000,I
1651503595989,1651503595994,S,38831.08000000,0.03862000,I
,1651503596050,B,5054534.0,0.005,C
1651503596053,1651503596057,B,38831.09000000,0.00656000,I
1651503596020,1651503596072,B,5098926,0.01,F
1651503596189,1651503596194,B,38831.09000000,0.00059000,I
1651503596324,1651503596328,S,38831.08000000,0.00654000,I
1651503596596,1651503596600,B,38831.09000000,0.00656000,I
1651503596772,1651503596777,B,38831.09000000,0.00515000,I
1651503596872,1651503596875,S,38831.08000000,0.00654000,I
1651503596000,1651503597037,B,38807.5,166,Y
1651503597059,1651503597063,S,38831.08000000,0.00120000,I
1651503597148,1651503597152,B,38831.09000000,0.00656000,I
1651503597399,1651503597403,B,38831.09000000,0.00050000,I
1651503597428,1651503597433,S,38831.08000000,0.00654000,I
1651503597433,1651503597456,B,38837,0.008,T
1651503597698,1651503597702,B,38831.09000000,0.00656000,I
1651503597689,1651503597726,S,5098926,0.02,F
1651503597750,1651503597754,S,38831.08000000,0.00445000,I
1651503597980,1651503597984,S,38831.08000000,0.00654000,I
1651503598036,1651503598053,S,38836,0.0087,T
1651503598078,1651503598108,S,5098929,0.01,F
1651503598153,1651503598158,B,38831.09000000,0.10000000,I
1651503598153,1651503598158,B,38831.09000000,0.00028000,I
1651503598153,1651503598158,B,38831.09000000,0.22806000,I
1651503598153,1651503598158,B,38831.09000000,0.26144000,I
1651503598153,1651503598159,B,38831.11000000,0.22806000,I
1651503598153,1651503598159,B,38831.13000000,0.17270000,I
1651503598161,1651503598164,B,38831.13000000,0.05536000,I
1651503598161,1651503598166,B,38831.13000000,0.00153000,I
1651503598161,1651503598166,B,38836.53000000,0.35667000,I
1651503598161,1651503598166,B,38836.54000000,0.15237000,I
1651503598163,1651503598167,B,38836.89000000,0.00982000,I
1651503598163,1651503598167,B,38837.26000000,0.25759000,I
1651503598161,1651503598181,S,38836,0.0277,T
1651503598161,1651503598181,S,38836,0.0286,T
1651503598192,1651503598229,B,38837,1.242,T
1651503598192,1651503598229,B,38837,0.2,T
1651503598192,1651503598229,B,38837,0.6496,T
1651503598192,1651503598229,B,38837,0.2538,T
1651503598192,1651503598229,B,38837,0.1211,T
1651503598000,1651503598239,B,38807.5,3041,Y
1651503598000,1651503598254,B,5059710,0.01,L
1651503598257,1651503598261,B,38838.71000000,0.00656000,I
1651503598243,1651503598283,B,38837,0.3952,T
1651503598243,1651503598283,B,38837,0.0026,T
1651503598243,1651503598283,B,38837,0.001,T
1651503598243,1651503598283,B,38837,0.0024,T
1651503598243,1651503598283,B,38837,0.001,T
1651503598243,1651503598283,B,38838,0.4327,T
1651503598306,1651503598309,S,38838.71000000,0.00237000,I
1651503598000,1651503598336,B,5059738,0.15,L
1651503598000,1651503598338,B,38807.5,894,Y
1651503598000,1651503598338,B,38807.5,1060,Y
1651503598000,1651503598338,B,38807.5,3619,Y
1651503598000,1651503598338,B,38807.5,878,Y
1651503598000,1651503598338,B,38808,9,Y
1651503598000,1651503598338,B,38810.5,1,Y
1651503598000,1651503598338,B,38810.5,5,Y
1651503598000,1651503598338,B,38812.5,9,Y
1651503598000,1651503598338,B,38814,9,Y
1651503598000,1651503598338,B,38816,2,Y
1651503598000,1651503598338,B,38816,9,Y
1651503598000,1651503598338,B,38816.5,1,Y
1651503598000,1651503598338,B,38816.5,1,Y
1651503598000,1651503598338,B,38816.5,1,Y
1651503598306,1651503598339,B,5098882,0.01,F
1651503598306,1651503598339,B,5098938,0.04,F
1651503598306,1651503598339,B,5098938,0.01,F
1651503598306,1651503598339,B,5099187,0.01,F
1651503598000,1651503598366,B,5059739,0.16,L
1651503598000,1651503598374,B,5060051,0.0002,L
1651503598370,1651503598399,B,38839,0.0128,T
1651503598372,1651503598399,B,38839,0.0106,T
1651503598372,1651503598399,B,38841,0.0094,T
1651503598373,1651503598399,B,38841,0.02,T
1651503598373,1651503598410,B,5098936,0.01,F
1651503598373,1651503598410,B,5099321,0.01,F
1651503598000,1651503598439,B,38817.5,1,Y
1651503598000,1651503598439,B,38817.5,2,Y
1651503598438,1651503598442,B,38840.00000000,0.00656000,I
1651503598458,1651503598522,B,5056646,0.1,f
1651503598501,1651503598539,B,5057310,0.0045,f
1651503598589,1651503598593,S,38839.99000000,0.00051000,I
1651503598568,1651503598599,S,5099198,0.01,F
1651503598604,1651503598609,S,38839.99000000,0.00654000,I
1651503598577,1651503598648,B,5099321,0.09,F
1651503598690,1651503598695,S,38839.99000000,0.00052000,I
1651503598000,1651503598738,S,38817.5,3,Y
1651503598786,1651503598791,S,38839.99000000,0.00080000,I
1651503598881,1651503598885,B,38840.00000000,0.00656000,I
1651503598895,1651503598919,S,38846,0.0038,T
1651503598880,1651503598932,B,5099423,0.01,F
1651503598000,1651503598937,S,38817.5,472,Y
1651503598000,1651503598937,S,38817.5,4579,Y
1651503599150,1651503599154,S,38839.99000000,0.00654000,I
1651503599299,1651503599303,S,38839.99000000,0.00654000,I
1651503599362,1651503599366,S,38839.99000000,0.00940000,I
1651503599434,1651503599438,B,38840.00000000,0.00656000,I
1651503599424,1651503599465,B,5099797,0.02,F
1651503599547,1651503599563,B,38849,0.0001,T
1651503599644,1651503599649,B,38840.00000000,0.00656000,I
1651503599646,1651503599650,S,38839.99000000,0.05267000,I
1651503599705,1651503599709,S,38839.99000000,0.00654000,I
1651503599855,1651503599858,B,38840.00000000,0.00568000,I
1651503599861,1651503599923,S,5056729,0.007,f
1651503599861,1651503599923,S,5055806,0.013,f
1651503599944,1651503599948,S,38839.99000000,0.00073000,I
1651503599952,1651503599956,B,38840.00000000,0.00109000,I
1651503599953,1651503599956,S,38839.99000000,0.00032000,I
1651503599954,1651503599958,B,38840.00000000,0.00126000,I
1651503599957,1651503599961,B,38840.00000000,0.00172000,I
1651503599960,1651503599964,S,38839.99000000,0.00043000,I
1651503599967,1651503599972,B,38840.00000000,0.00137000,I
1651503599976,1651503599980,S,38839.99000000,0.00061000,I
1651503599976,1651503599980,B,38840.00000000,0.00275000,I
1651503599976,1651503599980,B,38840.00000000,0.00046000,I
1651503599977,1651503599980,B,38840.00000000,0.00656000,I
1651503599978,1651503599981,B,38840.00000000,0.00147000,I
1651503599979,1651503599982,S,38839.99000000,0.00072000,I
1651503599980,1651503599983,S,38839.99000000,0.00049000,I
1651503599981,1651503599985,S,38839.99000000,0.00107000,I
1651503599982,1651503599985,S,38839.99000000,0.00133000,I
1651503599984,1651503599988,B,38840.00000000,0.00057000,I
1651503599986,1651503599990,S,38839.99000000,0.00032000,I
1651503599986,1651503599991,B,38840.00000000,0.00036000,I
1651503599986,1651503599991,S,38839.99000000,0.00072000,I
1651503599986,1651503599991,B,38840.00000000,0.00057000,I
1651503599989,1651503599993,B,38840.00000000,0.00040000,I
1651503599991,1651503599994,S,38839.99000000,0.00048000,I
1651503599992,1651503599996,S,38839.99000000,0.00040000,I
1651503599993,1651503599996,S,38839.99000000,0.00068000,I
1651503599995,1651503600000,B,38840.00000000,0.00101000,I
1651503599995,1651503600000,B,38840.00000000,0.00012000,I
1651503599996,1651503600000,B,38840.00000000,0.00062000,I
1651503599997,1651503600000,B,38840.00000000,0.00039000,I
1651503600001,1651503600004,B,38840.00000000,0.00045000,I
1651503600001,1651503600005,S,38839.99000000,0.00069000,I
1651503600002,1651503600005,S,38839.99000000,0.00050000,I
1651503600002,1651503600005,S,38839.99000000,0.00214000,I
1651503600002,1651503600007,B,38840.00000000,0.00284000,I
1651503600002,1651503600008,S,38839.99000000,0.00169000,I
1651503600003,1651503600008,S,38839.99000000,0.00112000,I
1651503600003,1651503600008,S,38839.99000000,0.00131000,I
1651503600003,1651503600008,S,38839.99000000,0.00079000,I
1651503600003,1651503600009,B,38840.00000000,0.00100000,I
1651503600004,1651503600009,B,38840.00000000,0.00064000,I
1651503600004,1651503600009,S,38839.99000000,0.00147000,I
1651503600008,1651503600011,B,38840.00000000,0.00086000,I
1651503600008,1651503600014,S,38839.99000000,0.00199000,I
1651503600011,1651503600014,B,38840.00000000,0.00072000,I
1651503600011,1651503600016,S,38839.99000000,0.00089000,I
1651503600012,1651503600016,B,38840.00000000,0.00140000,I
1651503600012,1651503600016,B,38840.00000000,0.00035000,I
1651503600012,1651503600017,S,38839.99000000,0.00245000,I
1651503600015,1651503600019,B,38840.00000000,0.00066000,I
1651503600018,1651503600022,S,38839.99000000,0.00087000,I
1651503600020,1651503600024,S,38839.99000000,0.00070000,I
1651503600024,1651503600028,B,38840.00000000,0.00042000,I
1651503600030,1651503600034,B,38840.00000000,0.00114000,I
1651503600030,1651503600035,B,38840.00000000,0.00097000,I
1651503600034,1651503600038,S,38839.99000000,0.00075000,I
1651503600142,1651503600179,S,38848,0.001,T
1651503600142,1651503600179,S,38848,0.0113,T
1651503600142,1651503600179,S,38848,0.0706,T
1651503600238,1651503600242,S,38839.99000000,0.00654000,I
1651503600250,1651503600254,S,38839.99000000,0.00654000,I
